{
  "requested_seeds": [
    42,
    43,
    44,
    45,
    46,
    47,
    48,
    49
  ],
  "seed_family": "independent_memory",
  "n_complete_seeds": 8,
  "seed_reports": [
    {
      "seed": 42,
      "status": "complete",
      "results_dir": "/home/nlp-07/sqe_experiment/results_500_memory_seed42",
      "methods": {
        "Dense-Only": {
          "n_queries": 500,
          "recall@1": 0.49,
          "recall@5": 0.698,
          "recall@10": 0.754,
          "mrr": 0.574109523809524
        },
        "BM25-Only": {
          "n_queries": 500,
          "recall@1": 0.176,
          "recall@5": 0.314,
          "recall@10": 0.358,
          "mrr": 0.23262301587301587
        },
        "Hybrid-RRF": {
          "n_queries": 500,
          "recall@1": 0.354,
          "recall@5": 0.64,
          "recall@10": 0.732,
          "mrr": 0.4737007936507937
        },
        "Paraphrases-Only": {
          "n_queries": 500,
          "recall@1": 0.47,
          "recall@5": 0.682,
          "recall@10": 0.75,
          "mrr": 0.5597595238095238,
          "expansion_rate": 1.0
        },
        "HyDE-Traces-Only": {
          "n_queries": 500,
          "recall@1": 0.362,
          "recall@5": 0.64,
          "recall@10": 0.704,
          "mrr": 0.4790468253968252,
          "expansion_rate": 1.0
        },
        "Always-Expand": {
          "n_queries": 500,
          "recall@1": 0.422,
          "recall@5": 0.68,
          "recall@10": 0.756,
          "mrr": 0.5316214285714285,
          "expansion_rate": 1.0
        },
        "Random-Gated-Expansion": {
          "n_queries": 500,
          "recall@1": 0.46,
          "recall@5": 0.69,
          "recall@10": 0.758,
          "mrr": 0.553377777777778,
          "expansion_rate": 0.47
        },
        "Selective-QE": {
          "n_queries": 500,
          "recall@1": 0.472,
          "recall@5": 0.694,
          "recall@10": 0.754,
          "mrr": 0.5642880952380951,
          "expansion_rate": 0.46
        }
      }
    },
    {
      "seed": 43,
      "status": "complete",
      "results_dir": "/home/nlp-07/sqe_experiment/results_500_memory_seed43",
      "methods": {
        "Dense-Only": {
          "n_queries": 500,
          "recall@1": 0.446,
          "recall@5": 0.664,
          "recall@10": 0.726,
          "mrr": 0.5392428571428571
        },
        "BM25-Only": {
          "n_queries": 500,
          "recall@1": 0.164,
          "recall@5": 0.302,
          "recall@10": 0.35,
          "mrr": 0.22222380952380955
        },
        "Hybrid-RRF": {
          "n_queries": 500,
          "recall@1": 0.326,
          "recall@5": 0.608,
          "recall@10": 0.694,
          "mrr": 0.44033095238095216
        },
        "Paraphrases-Only": {
          "n_queries": 500,
          "recall@1": 0.422,
          "recall@5": 0.668,
          "recall@10": 0.73,
          "mrr": 0.5279166666666666,
          "expansion_rate": 1.0
        },
        "HyDE-Traces-Only": {
          "n_queries": 500,
          "recall@1": 0.326,
          "recall@5": 0.614,
          "recall@10": 0.682,
          "mrr": 0.4406944444444445,
          "expansion_rate": 1.0
        },
        "Always-Expand": {
          "n_queries": 500,
          "recall@1": 0.386,
          "recall@5": 0.666,
          "recall@10": 0.742,
          "mrr": 0.5038261904761904,
          "expansion_rate": 1.0
        },
        "Random-Gated-Expansion": {
          "n_queries": 500,
          "recall@1": 0.422,
          "recall@5": 0.662,
          "recall@10": 0.732,
          "mrr": 0.5232865079365079,
          "expansion_rate": 0.474
        },
        "Selective-QE": {
          "n_queries": 500,
          "recall@1": 0.438,
          "recall@5": 0.664,
          "recall@10": 0.738,
          "mrr": 0.5353571428571425,
          "expansion_rate": 0.496
        }
      }
    },
    {
      "seed": 44,
      "status": "complete",
      "results_dir": "/home/nlp-07/sqe_experiment/results_500_memory_seed44",
      "methods": {
        "Dense-Only": {
          "n_queries": 500,
          "recall@1": 0.48,
          "recall@5": 0.72,
          "recall@10": 0.774,
          "mrr": 0.5860349206349207
        },
        "BM25-Only": {
          "n_queries": 500,
          "recall@1": 0.172,
          "recall@5": 0.286,
          "recall@10": 0.34,
          "mrr": 0.22023888888888885
        },
        "Hybrid-RRF": {
          "n_queries": 500,
          "recall@1": 0.34,
          "recall@5": 0.672,
          "recall@10": 0.752,
          "mrr": 0.47401746031746017
        },
        "Paraphrases-Only": {
          "n_queries": 500,
          "recall@1": 0.474,
          "recall@5": 0.718,
          "recall@10": 0.768,
          "mrr": 0.5789896825396825,
          "expansion_rate": 1.0
        },
        "HyDE-Traces-Only": {
          "n_queries": 500,
          "recall@1": 0.39,
          "recall@5": 0.678,
          "recall@10": 0.748,
          "mrr": 0.5119944444444445,
          "expansion_rate": 1.0
        },
        "Always-Expand": {
          "n_queries": 500,
          "recall@1": 0.442,
          "recall@5": 0.742,
          "recall@10": 0.794,
          "mrr": 0.5726301587301583,
          "expansion_rate": 1.0
        },
        "Random-Gated-Expansion": {
          "n_queries": 500,
          "recall@1": 0.446,
          "recall@5": 0.722,
          "recall@10": 0.784,
          "mrr": 0.5660436507936507,
          "expansion_rate": 0.504
        },
        "Selective-QE": {
          "n_queries": 500,
          "recall@1": 0.484,
          "recall@5": 0.728,
          "recall@10": 0.786,
          "mrr": 0.5928920634920634,
          "expansion_rate": 0.446
        }
      }
    },
    {
      "seed": 45,
      "status": "complete",
      "results_dir": "/home/nlp-07/sqe_experiment/results_500_memory_seed45",
      "methods": {
        "Dense-Only": {
          "n_queries": 500,
          "recall@1": 0.464,
          "recall@5": 0.69,
          "recall@10": 0.756,
          "mrr": 0.5605357142857144
        },
        "BM25-Only": {
          "n_queries": 500,
          "recall@1": 0.172,
          "recall@5": 0.298,
          "recall@10": 0.346,
          "mrr": 0.22734841269841263
        },
        "Hybrid-RRF": {
          "n_queries": 500,
          "recall@1": 0.306,
          "recall@5": 0.65,
          "recall@10": 0.73,
          "mrr": 0.4444619047619048
        },
        "Paraphrases-Only": {
          "n_queries": 500,
          "recall@1": 0.46,
          "recall@5": 0.696,
          "recall@10": 0.76,
          "mrr": 0.5579071428571427,
          "expansion_rate": 1.0
        },
        "HyDE-Traces-Only": {
          "n_queries": 500,
          "recall@1": 0.356,
          "recall@5": 0.656,
          "recall@10": 0.722,
          "mrr": 0.47892777777777773,
          "expansion_rate": 1.0
        },
        "Always-Expand": {
          "n_queries": 500,
          "recall@1": 0.402,
          "recall@5": 0.724,
          "recall@10": 0.778,
          "mrr": 0.5334531746031749,
          "expansion_rate": 1.0
        },
        "Random-Gated-Expansion": {
          "n_queries": 500,
          "recall@1": 0.442,
          "recall@5": 0.71,
          "recall@10": 0.766,
          "mrr": 0.5538079365079367,
          "expansion_rate": 0.43
        },
        "Selective-QE": {
          "n_queries": 500,
          "recall@1": 0.438,
          "recall@5": 0.706,
          "recall@10": 0.77,
          "mrr": 0.5525920634920636,
          "expansion_rate": 0.478
        }
      }
    },
    {
      "seed": 46,
      "status": "complete",
      "results_dir": "/home/nlp-07/sqe_experiment/results_500_memory_seed46",
      "methods": {
        "Dense-Only": {
          "n_queries": 500,
          "recall@1": 0.492,
          "recall@5": 0.722,
          "recall@10": 0.758,
          "mrr": 0.5858690476190473
        },
        "BM25-Only": {
          "n_queries": 500,
          "recall@1": 0.168,